{
  "numTotalTestSuites": 3,
  "numTotalTests": 4,
  "testResults": {
    "sort": [
      {
        "name": "linear",
        "rank": 2,
        "rme": 94.93866930661879,
        "samples": [
          0.00020899996161460876,
          0.00024999864399433136,
          0.00024999864399433136,
          0.00024999864399433136,
          0.00024999864399433136,
          0.00024999864399433136,
          0.00024999864399433136,
          0.00024999864399433136,
          0.00024999864399433136,
          0.00024999864399433136,
          0.00024999864399433136,
          0.00024999864399433136,
          0.0002500005066394806,
          0.0002500005066394806,
          0.0002500005066394806,
          0.0002500005066394806,
          0.0002500005066394806,
          0.0002500005066394806,
          0.0002500005066394806,
          0.0002500005066394806,
          0.0002500005066394806,
          0.0002500005066394806,
          0.0002500005066394806,
          0.0002500005066394806,
          0.0002500005066394806,
          0.0002500005066394806,
          0.0002500005066394806,
          0.0002500005066394806,
          0.0002500005066394806,
          0.0002500005066394806,
          0.0002500005066394806,
          0.0002500005066394806,
          0.0002500005066394806,
          0.0002500005066394806,
          0.0002500005066394806,
          0.0002500005066394806,
          0.0002500005066394806,
          0.0002500005066394806,
          0.0002500005066394806,
          0.0002500005066394806,
          0.0002500005066394806,
          0.0002500005066394806,
          0.0002500005066394806,
          0.0002500005066394806,
          0.0002500005066394806,
          0.0002500005066394806,
          0.0002909991890192032,
          0.0002909991890192032,
          0.0002909991890192032,
          0.0002909991890192032,
          0.0002909991890192032,
          0.0002910010516643524,
          0.0002910010516643524,
          0.0002910010516643524,
          0.0002910010516643524,
          0.0002910010516643524,
          0.0002919994294643402,
          0.0002919994294643402,
          0.0002919994294643402,
          0.0002919994294643402,
          0.0002919994294643402,
          0.0002919994294643402,
          0.0002919994294643402,
          0.0002919994294643402,
          0.0002919994294643402,
          0.0002919994294643402,
          0.0002919994294643402,
          0.0002919994294643402,
          0.0002919994294643402,
          0.0002919994294643402,
          0.0002919994294643402,
          0.0002919994294643402,
          0.0002919994294643402,
          0.0002919994294643402,
          0.0002919994294643402,
          0.0002919994294643402,
          0.0002919994294643402,
          0.0002919994294643402,
          0.0002919994294643402,
          0.0002919994294643402,
          0.0002919994294643402,
          0.0002919994294643402,
          0.00029200129210948944,
          0.00029200129210948944,
          0.00029200129210948944,
          0.00029200129210948944,
          0.00029200129210948944,
          0.00033299997448921204,
          0.00033299997448921204,
          0.00033399835228919983,
          0.00033400021493434906,
          0.00033400021493434906,
          0.00037499889731407166,
          0.0003750007599592209,
          0.0003750007599592209,
          0.0004169996827840805,
          0.0004579983651638031,
          0.0009170006960630417,
          0.0011250004172325134,
          0.0014169998466968536
        ],
        "totalTime": 0.30037499964237213,
        "min": 0.00020899996161460876,
        "max": 0.0014169998466968536,
        "hz": 332.91718724614384,
        "period": 0.0030037499964237213,
        "mean": 0.00030547993257641794,
        "variance": 0.000002136175785278437,
        "sd": 0.0014615662096800256,
        "sem": 0.00014615662096800256,
        "df": 99,
        "critical": 1.9843,
        "moe": 0.0002900185829868075,
        "p75": 0.0002919994294643402,
        "p99": 0.0011250004172325134,
        "p995": 0.0014169998466968536,
        "p999": 0.0014169998466968536
      },
      {
        "name": "binary",
        "rank": 1,
        "rme": 113.57163308209724,
        "samples": [
          0.00020799972116947174,
          0.00020799972116947174,
          0.00020899996161460876,
          0.00024999864399433136,
          0.00024999864399433136,
          0.00024999864399433136,
          0.00024999864399433136,
          0.00024999864399433136,
          0.00024999864399433136,
          0.00024999864399433136,
          0.00024999864399433136,
          0.00024999864399433136,
          0.00024999864399433136,
          0.00024999864399433136,
          0.00024999864399433136,
          0.00024999864399433136,
          0.00024999864399433136,
          0.00024999864399433136,
          0.00024999864399433136,
          0.00024999864399433136,
          0.00024999864399433136,
          0.00024999864399433136,
          0.00024999864399433136,
          0.00024999864399433136,
          0.00024999864399433136,
          0.00024999864399433136,
          0.00024999864399433136,
          0.00024999864399433136,
          0.0002500005066394806,
          0.0002500005066394806,
          0.0002500005066394806,
          0.0002500005066394806,
          0.0002500005066394806,
          0.0002500005066394806,
          0.0002500005066394806,
          0.0002500005066394806,
          0.0002500005066394806,
          0.0002500005066394806,
          0.0002500005066394806,
          0.0002500005066394806,
          0.0002500005066394806,
          0.0002500005066394806,
          0.0002500005066394806,
          0.0002500005066394806,
          0.0002500005066394806,
          0.0002500005066394806,
          0.0002500005066394806,
          0.0002500005066394806,
          0.0002500005066394806,
          0.0002500005066394806,
          0.0002500005066394806,
          0.0002500005066394806,
          0.0002500005066394806,
          0.0002500005066394806,
          0.0002500005066394806,
          0.0002500005066394806,
          0.0002500005066394806,
          0.0002500005066394806,
          0.0002500005066394806,
          0.0002500005066394806,
          0.0002500005066394806,
          0.0002500005066394806,
          0.0002500005066394806,
          0.0002500005066394806,
          0.0002500005066394806,
          0.0002500005066394806,
          0.0002500005066394806,
          0.0002500005066394806,
          0.0002500005066394806,
          0.0002500005066394806,
          0.0002500005066394806,
          0.0002500005066394806,
          0.0002500005066394806,
          0.0002500005066394806,
          0.0002500005066394806,
          0.0002500005066394806,
          0.0002500005066394806,
          0.0002500005066394806,
          0.0002500005066394806,
          0.0002500005066394806,
          0.0002500005066394806,
          0.0002500005066394806,
          0.0002500005066394806,
          0.0002500005066394806,
          0.0002500005066394806,
          0.0002500005066394806,
          0.0002500005066394806,
          0.0002500005066394806,
          0.0002500005066394806,
          0.0002500005066394806,
          0.0002500005066394806,
          0.0002500005066394806,
          0.0002500005066394806,
          0.0002500005066394806,
          0.0002500005066394806,
          0.0002500005066394806,
          0.0002500005066394806,
          0.0002919994294643402,
          0.00029200129210948944,
          0.0006250012665987015
        ],
        "totalTime": 0.09649999998509884,
        "min": 0.00020799972116947174,
        "max": 0.0006250012665987015,
        "hz": 1036.2694302118302,
        "period": 0.0009649999998509884,
        "mean": 0.0002533400245010853,
        "variance": 0.0000021024839687941367,
        "sd": 0.0014499944719874407,
        "sem": 0.00014499944719874406,
        "df": 99,
        "critical": 1.9843,