{
  "numTotalTestSuites": 3,
  "numTotalTests": 4,
  "testResults": {
    "sort": [
      {
        "name": "linear",
        "rank": 2,
        "rme": 106.95366651288928,
        "samples": [
          0.00024999678134918213,
          0.00024999678134918213,
          0.00024999678134918213,
          0.00024999678134918213,
          0.00024999678134918213,
          0.00024999678134918213,
          0.00024999678134918213,
          0.00024999678134918213,
          0.00024999678134918213,
          0.00024999678134918213,
          0.00024999678134918213,
          0.00024999678134918213,
          0.00024999678134918213,
          0.00024999678134918213,
          0.00024999678134918213,
          0.00024999678134918213,
          0.00024999678134918213,
          0.00024999678134918213,
          0.00024999678134918213,
          0.00024999678134918213,
          0.00024999678134918213,
          0.00024999678134918213,
          0.00024999678134918213,
          0.00024999678134918213,
          0.00024999678134918213,
          0.00024999678134918213,
          0.00024999678134918213,
          0.00024999678134918213,
          0.00024999678134918213,
          0.00024999678134918213,
          0.00024999678134918213,
          0.00025000423192977905,
          0.00025000423192977905,
          0.00025000423192977905,
          0.00025000423192977905,
          0.00025000423192977905,
          0.00025000423192977905,
          0.00025000423192977905,
          0.00025000423192977905,
          0.00025000423192977905,
          0.00025000423192977905,
          0.00025000423192977905,
          0.00025000423192977905,
          0.00025000423192977905,
          0.00025000423192977905,
          0.00025000423192977905,
          0.00025000423192977905,
          0.00025000423192977905,
          0.00025000423192977905,
          0.00025000423192977905,
          0.00029099732637405396,
          0.00029099732637405396,
          0.00029099732637405396,
          0.00029099732637405396,
          0.0002910047769546509,
          0.0002910047769546509,
          0.0002910047769546509,
          0.0002910047769546509,
          0.0002910047769546509,
          0.0002910047769546509,
          0.0002910047769546509,
          0.00029199570417404175,
          0.00029199570417404175,
          0.00029199570417404175,
          0.00029199570417404175,
          0.00029199570417404175,
          0.00029199570417404175,
          0.00029199570417404175,
          0.00029199570417404175,
          0.00029199570417404175,
          0.00029199570417404175,
          0.00029199570417404175,
          0.00029199570417404175,
          0.00029199570417404175,
          0.00029199570417404175,
          0.00029199570417404175,
          0.00029200315475463867,
          0.00029200315475463867,
          0.00029200315475463867,
          0.00029200315475463867,
          0.00029200315475463867,
          0.00029200315475463867,
          0.00029200315475463867,
          0.00029200315475463867,
          0.00029200315475463867,
          0.00029200315475463867,
          0.00029200315475463867,
          0.00029200315475463867,
          0.00029200315475463867,
          0.00029200315475463867,
          0.00029200315475463867,
          0.00029200315475463867,
          0.00029200315475463867,
          0.00029200315475463867,
          0.0003340020775794983,
          0.0003750026226043701,
          0.00045799463987350464,
          0.0009170025587081909,
          0.0009580031037330627,
          0.0012089982628822327
        ],
        "totalTime": 0.2600419968366623,
        "min": 0.00024999678134918213,
        "max": 0.0012089982628822327,
        "hz": 384.5532691506443,
        "period": 0.002600419968366623,
        "mean": 0.000295879989862442,
        "variance": 0.000002543360254629294,
        "sd": 0.0015947916022569513,
        "sem": 0.00015947916022569512,
        "df": 99,
        "critical": 1.9843,
        "moe": 0.00031645449763584684,
        "p75": 0.00029199570417404175,
        "p99": 0.0009580031037330627,
        "p995": 0.0012089982628822327,
        "p999": 0.0012089982628822327
      },
      {
        "name": "binary",
        "rank": 1,
        "rme": 108.7822381587257,
        "samples": [
          0.0002079978585243225,
          0.0002079978585243225,
          0.00020800530910491943,
          0.00020900368690490723,
          0.00024999678134918213,
          0.00024999678134918213,
          0.00024999678134918213,
          0.00024999678134918213,
          0.00024999678134918213,
          0.00024999678134918213,
          0.00024999678134918213,
          0.00024999678134918213,
          0.00024999678134918213,
          0.00024999678134918213,
          0.00024999678134918213,
          0.00024999678134918213,
          0.00024999678134918213,
          0.00024999678134918213,
          0.00024999678134918213,
          0.00024999678134918213,
          0.00024999678134918213,
          0.00024999678134918213,
          0.00024999678134918213,
          0.00024999678134918213,
          0.00024999678134918213,
          0.00024999678134918213,
          0.00024999678134918213,
          0.00024999678134918213,
          0.00024999678134918213,
          0.00024999678134918213,
          0.00024999678134918213,
          0.00024999678134918213,
          0.00024999678134918213,
          0.00024999678134918213,
          0.00024999678134918213,
          0.00024999678134918213,
          0.00024999678134918213,
          0.00024999678134918213,
          0.00024999678134918213,
          0.00024999678134918213,
          0.00024999678134918213,
          0.00024999678134918213,
          0.00024999678134918213,
          0.00025000423192977905,
          0.00025000423192977905,
          0.00025000423192977905,
          0.00025000423192977905,
          0.00025000423192977905,
          0.00025000423192977905,
          0.00025000423192977905,
          0.00025000423192977905,
          0.00025000423192977905,
          0.00025000423192977905,
          0.00025000423192977905,
          0.00025000423192977905,
          0.00025000423192977905,
          0.00025000423192977905,
          0.00025000423192977905,
          0.00025000423192977905,
          0.00025000423192977905,
          0.00025000423192977905,
          0.00025000423192977905,
          0.00025000423192977905,
          0.00025000423192977905,
          0.00025000423192977905,
          0.00025000423192977905,
          0.00025000423192977905,
          0.00025000423192977905,
          0.00025000423192977905,
          0.00025000423192977905,
          0.00029099732637405396,
          0.00029099732637405396,
          0.00029099732637405396,
          0.00029099732637405396,
          0.00029099732637405396,
          0.00029099732637405396,
          0.00029099732637405396,
          0.00029099732637405396,
          0.00029099732637405396,
          0.00029099732637405396,
          0.00029099732637405396,
          0.0002910047769546509,
          0.0002910047769546509,
          0.0002910047769546509,
          0.0002910047769546509,
          0.0002910047769546509,
          0.0002910047769546509,
          0.0002910047769546509,
          0.0002910047769546509,
          0.00029199570417404175,
          0.00029199570417404175,
          0.00029199570417404175,
          0.00029199570417404175,
          0.00029199570417404175,
          0.00029200315475463867,
          0.00029200315475463867,
          0.00029200315475463867,
          0.0003340020775794983,
          0.000415995717048645,
          0.0005000010132789612
        ],
        "totalTime": 0.10129199922084808,
        "min": 0.0002079978585243225,
        "max": 0.0005000010132789612,
        "hz": 987.2448048139406,
        "period": 0.0010129199922084809,
        "mean": 0.0002644798904657364,
        "variance": 0.0000021022609731411987,