{
  "numTotalTestSuites": 3,
  "numTotalTests": 4,
  "testResults": {
    "sort": [
      {
        "name": "linear",
        "rank": 2,
        "rme": 109.75126360829842,
        "samples": [
          0.00024999678134918213,
          0.00024999678134918213,
          0.00024999678134918213,
          0.00024999678134918213,
          0.00024999678134918213,
          0.00024999678134918213,
          0.00024999678134918213,
          0.00024999678134918213,
          0.00024999678134918213,
          0.00024999678134918213,
          0.0002500005066394806,
          0.0002500005066394806,
          0.0002500005066394806,
          0.0002500005066394806,
          0.0002500005066394806,
          0.0002500005066394806,
          0.0002500005066394806,
          0.0002500005066394806,
          0.0002500005066394806,
          0.0002500005066394806,
          0.0002500005066394806,
          0.0002500005066394806,
          0.0002500005066394806,
          0.0002500005066394806,
          0.0002500005066394806,
          0.0002500005066394806,
          0.0002500005066394806,
          0.0002500005066394806,
          0.0002500005066394806,
          0.0002500005066394806,
          0.0002500005066394806,
          0.0002500005066394806,
          0.0002500005066394806,
          0.0002500005066394806,
          0.0002500005066394806,
          0.0002500005066394806,
          0.0002500005066394806,
          0.0002500005066394806,
          0.0002500005066394806,
          0.0002500005066394806,
          0.0002500005066394806,
          0.0002500005066394806,
          0.0002500005066394806,
          0.0002500005066394806,
          0.0002500005066394806,
          0.0002500005066394806,
          0.0002500005066394806,
          0.0002500005066394806,
          0.0002500005066394806,
          0.0002500005066394806,
          0.0002500005066394806,
          0.0002500005066394806,
          0.0002500005066394806,
          0.0002500005066394806,
          0.0002500005066394806,
          0.0002500005066394806,
          0.0002500005066394806,
          0.0002500005066394806,
          0.0002500005066394806,
          0.0002500005066394806,
          0.0002500005066394806,
          0.0002500005066394806,
          0.0002500005066394806,
          0.0002500005066394806,
          0.0002500005066394806,
          0.0002500005066394806,
          0.0002500005066394806,
          0.0002500005066394806,
          0.0002500005066394806,
          0.0002500005066394806,
          0.0002500005066394806,
          0.0002500005066394806,
          0.0002500005066394806,
          0.0002500005066394806,
          0.0002500005066394806,
          0.0002500005066394806,
          0.0002500005066394806,
          0.00029099732637405396,
          0.0002910010516643524,
          0.0002910010516643524,
          0.0002910010516643524,
          0.0002910010516643524,
          0.0002910010516643524,
          0.0002919994294643402,
          0.0002919994294643402,
          0.0002919994294643402,
          0.0002919994294643402,
          0.0002919994294643402,
          0.0002919994294643402,
          0.0002919994294643402,
          0.0002919994294643402,
          0.0002919994294643402,
          0.00029200315475463867,
          0.00033299997448921204,
          0.00037499889731407166,
          0.00037499889731407166,
          0.0004169978201389313,
          0.0009579993784427643,
          0.0010839998722076416,
          0.0014159977436065674
        ],
        "totalTime": 0.29499999806284904,
        "min": 0.00024999678134918213,
        "max": 0.0014159977436065674,
        "hz": 338.9830530734283,
        "period": 0.0029499999806284903,
        "mean": 0.00028873994946479795,
        "variance": 0.0000025504578217635136,
        "sd": 0.0015970152853881873,
        "sem": 0.00015970152853881872,
        "df": 99,
        "critical": 1.9843,
        "moe": 0.000316895743079578,
        "p75": 0.0002500005066394806,
        "p99": 0.0010839998722076416,
        "p995": 0.0014159977436065674,
        "p999": 0.0014159977436065674
      },
      {
        "name": "binary",
        "rank": 1,
        "rme": 119.62768973699123,
        "samples": [
          0.00024999678134918213,
          0.00024999678134918213,
          0.00024999678134918213,
          0.00024999678134918213,
          0.00024999678134918213,
          0.00024999678134918213,
          0.00024999678134918213,
          0.00024999678134918213,
          0.00024999678134918213,
          0.00024999678134918213,
          0.00024999678134918213,
          0.00024999678134918213,
          0.00024999678134918213,
          0.00024999678134918213,
          0.0002500005066394806,
          0.0002500005066394806,
          0.0002500005066394806,
          0.0002500005066394806,
          0.0002500005066394806,
          0.0002500005066394806,
          0.0002500005066394806,
          0.0002500005066394806,
          0.0002500005066394806,
          0.0002500005066394806,
          0.0002500005066394806,
          0.0002500005066394806,
          0.0002500005066394806,
          0.0002500005066394806,
          0.0002500005066394806,
          0.0002500005066394806,
          0.0002500005066394806,
          0.0002500005066394806,
          0.0002500005066394806,
          0.0002500005066394806,
          0.0002500005066394806,
          0.0002500005066394806,
          0.0002500005066394806,
          0.0002500005066394806,
          0.0002500005066394806,
          0.0002500005066394806,
          0.0002500005066394806,
          0.0002500005066394806,
          0.0002500005066394806,
          0.0002500005066394806,
          0.0002500005066394806,
          0.0002500005066394806,
          0.0002500005066394806,
          0.0002500005066394806,
          0.0002500005066394806,
          0.0002500005066394806,
          0.0002500005066394806,
          0.0002500005066394806,
          0.0002500005066394806,
          0.0002500005066394806,
          0.0002500005066394806,
          0.0002500005066394806,
          0.0002500005066394806,
          0.0002500005066394806,
          0.0002500005066394806,
          0.0002500005066394806,
          0.0002500005066394806,
          0.0002500005066394806,
          0.0002500005066394806,
          0.0002500005066394806,
          0.0002500005066394806,
          0.0002500005066394806,
          0.0002500005066394806,
          0.0002500005066394806,
          0.0002500005066394806,
          0.0002500005066394806,
          0.0002500005066394806,
          0.0002500005066394806,
          0.0002500005066394806,
          0.0002500005066394806,
          0.0002500005066394806,
          0.0002500005066394806,
          0.0002500005066394806,
          0.0002500005066394806,
          0.0002500005066394806,
          0.0002500005066394806,
          0.0002500005066394806,
          0.0002500005066394806,
          0.0002500005066394806,
          0.0002500005066394806,
          0.0002500005066394806,
          0.0002500005066394806,
          0.0002910010516643524,
          0.0002910010516643524,
          0.0002910010516643524,
          0.0002919994294643402,
          0.0002919994294643402,
          0.0002919994294643402,
          0.0002919994294643402,
          0.0002919994294643402,
          0.0002919994294643402,
          0.00029200315475463867,
          0.00033299997448921204,
          0.0003340020775794983,
          0.0006249994039535522,
          0.0006669983267784119
        ],
        "totalTime": 0.09874999895691872,
        "min": 0.00024999678134918213,
        "max": 0.0006669983267784119,
        "hz": 1012.6582385446567,
        "period": 0.0009874999895691872,
        "mean": 0.00026375994086265565,
        "variance": 0.0000025285202733940602,
        "sd": 0.0015901321559524731,
        "sem": 0.0001590132155952473,
        "df": 99,
        "critical": 1.9843,
        "moe": 0.00031552992370564924,